commit_hash,author,timestamp,message,file_path,lines_added,lines_removed
80446feef1f1cdf57ac07bf2f0a77ce9cd651b27,ircalder-live,2026-01-18 22:20:36+13:00,docs(sprint-02): add final retrospective and close-out materials.,sprints/sprint-02/retrospective.md,275,0
80446feef1f1cdf57ac07bf2f0a77ce9cd651b27,ircalder-live,2026-01-18 22:20:36+13:00,docs(sprint-02): add final retrospective and close-out materials.,sprints/sprint-03/initiation.md,233,0
32f3309cc2483c119a356e2a2e450d9b606206bc,ircalder-live,2026-01-18 14:00:57+13:00,feat(domains): add initial AI-assisted academic integrity artifact,domains/digital-ethics/notes/ai-assisted-academic-integrity.md,98,0
1764928e8840b665d46b31566ca736fcd88719ce,ircalder-live,2026-01-18 13:09:45+13:00,feat(domains): add initial AIML and Digital Ethics domain scaffolds,domains/aiml/README.md,2,0
1764928e8840b665d46b31566ca736fcd88719ce,ircalder-live,2026-01-18 13:09:45+13:00,feat(domains): add initial AIML and Digital Ethics domain scaffolds,domains/digital-ethics/README.md,2,0
14d798f3446413787f3ff5e99838089ef806a5a5,ircalder-live,2026-01-16 15:14:45+13:00,"feat(exp-001): Add completed analysis artifact validating workflow, reproducibility, and glossary outputs.",lab/experiments/exp-001-analysis.md,120,0
f138c0c938a4b4c8de89b32531a7d9fd3185f50e,ircalder-live,2026-01-16 14:38:19+13:00,feat(exp-001): Complete execution log with Run 1 & Run 2 outputs and evaluation notes,lab/experiments/exp-001-log.md,289,10
72715c03fbaaf4b8e3fcca7db86bb7bbe48f0a8c,ircalder-live,2026-01-16 13:37:15+13:00,feat(experiments): add execution log scaffold for EXP-001,lab/experiments/exp-001-log.md,42,0
1c4b3210fcc87cc83b80e93356c968542869776c,ircalder-live,2026-01-16 13:21:42+13:00,Add lab/experiments/exp-001-design.md as the first lab experiment,lab/experiments/exp-001-design.md,220,0
0e99f81fd1d629825d3de2aebcb1a0da40f16f1e,ircalder-live,2026-01-14 23:12:22+13:00,fix(structure): consolidate sprint-02 directory under /sprints,{sprint-02 => sprints/sprint-02}/metrics.md,0,0
624716da7a925c9337f1f6c065275e6f49c3e434,ircalder-live,2026-01-14 23:02:36+13:00,feat(sprint-02): initialize sprint metrics,sprint-02/metrics.md,24,0
e47e90021e3fd332ff49ea5a2ee77a8fb62d74ef,ircalder-live,2026-01-14 21:59:26+13:00,feat(lab): add research workflow template,lab/research-workflow-template.md,37,0
919aaff329f05ff558f1f087d836be732bdcddfe,ircalder-live,2026-01-13 10:42:06+13:00,feat(lab): add experiment log template,lab/experiment-log-template.md,31,0
a505725e43cc4db8742486fe21ab470c37ab6a96,ircalder-live,2026-01-13 10:15:28+13:00,"refactor(frameworks): replace operational-cadence.md with operating-model.md, add sprints/sprint-02/initiation.md",frameworks/operating-model.md,142,0
a505725e43cc4db8742486fe21ab470c37ab6a96,ircalder-live,2026-01-13 10:15:28+13:00,"refactor(frameworks): replace operational-cadence.md with operating-model.md, add sprints/sprint-02/initiation.md",frameworks/operational-cadence.md,0,13
a505725e43cc4db8742486fe21ab470c37ab6a96,ircalder-live,2026-01-13 10:15:28+13:00,"refactor(frameworks): replace operational-cadence.md with operating-model.md, add sprints/sprint-02/initiation.md",sprints/sprint-02/initiation.md,89,0
ba17834d9729a9cb8cc299adc3742b0ad986fecf,ircalder-live,2026-01-13 10:08:56+13:00,feat(lab): create /lab/ directory and initial README,lab/README.md,3,0
ff33198eb2973d4d549862dafafb01f0e2d72f85,ircalder-live,2026-01-11 23:54:57+13:00,Add Sprint 01 Retrospective,sprints/sprint-01/retrospective.md,124,0
950982c0856441d2f5f04ce59b4d61457ddad098,ircalder-live,2026-01-09 22:46:07+13:00,"Burst 28: Integrated AIML domain (73 terms). Added bilingual localization files, domain lookup index, and ingestion scripts. Completed Gates 1–4 validation (Burst 28).",i18n/en/aiml/ab-testing.yaml,10,0
950982c0856441d2f5f04ce59b4d61457ddad098,ircalder-live,2026-01-09 22:46:07+13:00,"Burst 28: Integrated AIML domain (73 terms). Added bilingual localization files, domain lookup index, and ingestion scripts. Completed Gates 1–4 validation (Burst 28).",i18n/en/aiml/activation-function.yaml,10,0
950982c0856441d2f5f04ce59b4d61457ddad098,ircalder-live,2026-01-09 22:46:07+13:00,"Burst 28: Integrated AIML domain (73 terms). Added bilingual localization files, domain lookup index, and ingestion scripts. Completed Gates 1–4 validation (Burst 28).",i18n/en/aiml/adaptive-machine-learning-adaptive-ml.yaml,13,0
950982c0856441d2f5f04ce59b4d61457ddad098,ircalder-live,2026-01-09 22:46:07+13:00,"Burst 28: Integrated AIML domain (73 terms). Added bilingual localization files, domain lookup index, and ingestion scripts. Completed Gates 1–4 validation (Burst 28).",i18n/en/aiml/adaptive-random-forest-arf.yaml,12,0
950982c0856441d2f5f04ce59b4d61457ddad098,ircalder-live,2026-01-09 22:46:07+13:00,"Burst 28: Integrated AIML domain (73 terms). Added bilingual localization files, domain lookup index, and ingestion scripts. Completed Gates 1–4 validation (Burst 28).",i18n/en/aiml/artificial-neural-network.yaml,10,0
950982c0856441d2f5f04ce59b4d61457ddad098,ircalder-live,2026-01-09 22:46:07+13:00,"Burst 28: Integrated AIML domain (73 terms). Added bilingual localization files, domain lookup index, and ingestion scripts. Completed Gates 1–4 validation (Burst 28).",i18n/en/aiml/backpropagation.yaml,10,0
950982c0856441d2f5f04ce59b4d61457ddad098,ircalder-live,2026-01-09 22:46:07+13:00,"Burst 28: Integrated AIML domain (73 terms). Added bilingual localization files, domain lookup index, and ingestion scripts. Completed Gates 1–4 validation (Burst 28).",i18n/en/aiml/bayesian-optimization.yaml,10,0
950982c0856441d2f5f04ce59b4d61457ddad098,ircalder-live,2026-01-09 22:46:07+13:00,"Burst 28: Integrated AIML domain (73 terms). Added bilingual localization files, domain lookup index, and ingestion scripts. Completed Gates 1–4 validation (Burst 28).",i18n/en/aiml/bias-variance-trade-off.yaml,12,0
950982c0856441d2f5f04ce59b4d61457ddad098,ircalder-live,2026-01-09 22:46:07+13:00,"Burst 28: Integrated AIML domain (73 terms). Added bilingual localization files, domain lookup index, and ingestion scripts. Completed Gates 1–4 validation (Burst 28).",i18n/en/aiml/bloat.yaml,12,0
950982c0856441d2f5f04ce59b4d61457ddad098,ircalder-live,2026-01-09 22:46:07+13:00,"Burst 28: Integrated AIML domain (73 terms). Added bilingual localization files, domain lookup index, and ingestion scripts. Completed Gates 1–4 validation (Burst 28).",i18n/en/aiml/bootstrap-aggregating-bagging.yaml,12,0
950982c0856441d2f5f04ce59b4d61457ddad098,ircalder-live,2026-01-09 22:46:07+13:00,"Burst 28: Integrated AIML domain (73 terms). Added bilingual localization files, domain lookup index, and ingestion scripts. Completed Gates 1–4 validation (Burst 28).",i18n/en/aiml/classification.yaml,10,0
950982c0856441d2f5f04ce59b4d61457ddad098,ircalder-live,2026-01-09 22:46:07+13:00,"Burst 28: Integrated AIML domain (73 terms). Added bilingual localization files, domain lookup index, and ingestion scripts. Completed Gates 1–4 validation (Burst 28).",i18n/en/aiml/clustering.yaml,10,0
950982c0856441d2f5f04ce59b4d61457ddad098,ircalder-live,2026-01-09 22:46:07+13:00,"Burst 28: Integrated AIML domain (73 terms). Added bilingual localization files, domain lookup index, and ingestion scripts. Completed Gates 1–4 validation (Burst 28).",i18n/en/aiml/computational-complexity.yaml,10,0
950982c0856441d2f5f04ce59b4d61457ddad098,ircalder-live,2026-01-09 22:46:07+13:00,"Burst 28: Integrated AIML domain (73 terms). Added bilingual localization files, domain lookup index, and ingestion scripts. Completed Gates 1–4 validation (Burst 28).",i18n/en/aiml/concept-drift.yaml,10,0
950982c0856441d2f5f04ce59b4d61457ddad098,ircalder-live,2026-01-09 22:46:07+13:00,"Burst 28: Integrated AIML domain (73 terms). Added bilingual localization files, domain lookup index, and ingestion scripts. Completed Gates 1–4 validation (Burst 28).",i18n/en/aiml/confusion-matrix.yaml,10,0
950982c0856441d2f5f04ce59b4d61457ddad098,ircalder-live,2026-01-09 22:46:07+13:00,"Burst 28: Integrated AIML domain (73 terms). Added bilingual localization files, domain lookup index, and ingestion scripts. Completed Gates 1–4 validation (Burst 28).",i18n/en/aiml/continual-learning.yaml,12,0
950982c0856441d2f5f04ce59b4d61457ddad098,ircalder-live,2026-01-09 22:46:07+13:00,"Burst 28: Integrated AIML domain (73 terms). Added bilingual localization files, domain lookup index, and ingestion scripts. Completed Gates 1–4 validation (Burst 28).",i18n/en/aiml/convolutional-neural-network.yaml,10,0
950982c0856441d2f5f04ce59b4d61457ddad098,ircalder-live,2026-01-09 22:46:07+13:00,"Burst 28: Integrated AIML domain (73 terms). Added bilingual localization files, domain lookup index, and ingestion scripts. Completed Gates 1–4 validation (Burst 28).",i18n/en/aiml/cross-validation.yaml,10,0
950982c0856441d2f5f04ce59b4d61457ddad098,ircalder-live,2026-01-09 22:46:07+13:00,"Burst 28: Integrated AIML domain (73 terms). Added bilingual localization files, domain lookup index, and ingestion scripts. Completed Gates 1–4 validation (Burst 28).",i18n/en/aiml/crossover.yaml,12,0
950982c0856441d2f5f04ce59b4d61457ddad098,ircalder-live,2026-01-09 22:46:07+13:00,"Burst 28: Integrated AIML domain (73 terms). Added bilingual localization files, domain lookup index, and ingestion scripts. Completed Gates 1–4 validation (Burst 28).",i18n/en/aiml/data-cleaning.yaml,10,0
950982c0856441d2f5f04ce59b4d61457ddad098,ircalder-live,2026-01-09 22:46:07+13:00,"Burst 28: Integrated AIML domain (73 terms). Added bilingual localization files, domain lookup index, and ingestion scripts. Completed Gates 1–4 validation (Burst 28).",i18n/en/aiml/decision-tree.yaml,12,0
950982c0856441d2f5f04ce59b4d61457ddad098,ircalder-live,2026-01-09 22:46:07+13:00,"Burst 28: Integrated AIML domain (73 terms). Added bilingual localization files, domain lookup index, and ingestion scripts. Completed Gates 1–4 validation (Burst 28).",i18n/en/aiml/dimensionality-reduction.yaml,10,0
950982c0856441d2f5f04ce59b4d61457ddad098,ircalder-live,2026-01-09 22:46:07+13:00,"Burst 28: Integrated AIML domain (73 terms). Added bilingual localization files, domain lookup index, and ingestion scripts. Completed Gates 1–4 validation (Burst 28).",i18n/en/aiml/distribution-hypothesis.yaml,11,0
950982c0856441d2f5f04ce59b4d61457ddad098,ircalder-live,2026-01-09 22:46:07+13:00,"Burst 28: Integrated AIML domain (73 terms). Added bilingual localization files, domain lookup index, and ingestion scripts. Completed Gates 1–4 validation (Burst 28).",i18n/en/aiml/early-stopping.yaml,10,0
950982c0856441d2f5f04ce59b4d61457ddad098,ircalder-live,2026-01-09 22:46:07+13:00,"Burst 28: Integrated AIML domain (73 terms). Added bilingual localization files, domain lookup index, and ingestion scripts. Completed Gates 1–4 validation (Burst 28).",i18n/en/aiml/encoding-categorical-variables.yaml,10,0
950982c0856441d2f5f04ce59b4d61457ddad098,ircalder-live,2026-01-09 22:46:07+13:00,"Burst 28: Integrated AIML domain (73 terms). Added bilingual localization files, domain lookup index, and ingestion scripts. Completed Gates 1–4 validation (Burst 28).",i18n/en/aiml/ensemble-learning.yaml,12,0
950982c0856441d2f5f04ce59b4d61457ddad098,ircalder-live,2026-01-09 22:46:07+13:00,"Burst 28: Integrated AIML domain (73 terms). Added bilingual localization files, domain lookup index, and ingestion scripts. Completed Gates 1–4 validation (Burst 28).",i18n/en/aiml/ensembles.yaml,12,0
950982c0856441d2f5f04ce59b4d61457ddad098,ircalder-live,2026-01-09 22:46:07+13:00,"Burst 28: Integrated AIML domain (73 terms). Added bilingual localization files, domain lookup index, and ingestion scripts. Completed Gates 1–4 validation (Burst 28).",i18n/en/aiml/explainable-ai-xai.yaml,13,0
950982c0856441d2f5f04ce59b4d61457ddad098,ircalder-live,2026-01-09 22:46:07+13:00,"Burst 28: Integrated AIML domain (73 terms). Added bilingual localization files, domain lookup index, and ingestion scripts. Completed Gates 1–4 validation (Burst 28).",i18n/en/aiml/expression-tree.yaml,12,0
950982c0856441d2f5f04ce59b4d61457ddad098,ircalder-live,2026-01-09 22:46:07+13:00,"Burst 28: Integrated AIML domain (73 terms). Added bilingual localization files, domain lookup index, and ingestion scripts. Completed Gates 1–4 validation (Burst 28).",i18n/en/aiml/f1-score.yaml,10,0
950982c0856441d2f5f04ce59b4d61457ddad098,ircalder-live,2026-01-09 22:46:07+13:00,"Burst 28: Integrated AIML domain (73 terms). Added bilingual localization files, domain lookup index, and ingestion scripts. Completed Gates 1–4 validation (Burst 28).",i18n/en/aiml/feature-extraction.yaml,10,0
950982c0856441d2f5f04ce59b4d61457ddad098,ircalder-live,2026-01-09 22:46:07+13:00,"Burst 28: Integrated AIML domain (73 terms). Added bilingual localization files, domain lookup index, and ingestion scripts. Completed Gates 1–4 validation (Burst 28).",i18n/en/aiml/feature-scaling.yaml,10,0
950982c0856441d2f5f04ce59b4d61457ddad098,ircalder-live,2026-01-09 22:46:07+13:00,"Burst 28: Integrated AIML domain (73 terms). Added bilingual localization files, domain lookup index, and ingestion scripts. Completed Gates 1–4 validation (Burst 28).",i18n/en/aiml/fitness-function.yaml,12,0
950982c0856441d2f5f04ce59b4d61457ddad098,ircalder-live,2026-01-09 22:46:07+13:00,"Burst 28: Integrated AIML domain (73 terms). Added bilingual localization files, domain lookup index, and ingestion scripts. Completed Gates 1–4 validation (Burst 28).",i18n/en/aiml/generalization.yaml,12,0
950982c0856441d2f5f04ce59b4d61457ddad098,ircalder-live,2026-01-09 22:46:07+13:00,"Burst 28: Integrated AIML domain (73 terms). Added bilingual localization files, domain lookup index, and ingestion scripts. Completed Gates 1–4 validation (Burst 28).",i18n/en/aiml/genetic-programming.yaml,10,0
950982c0856441d2f5f04ce59b4d61457ddad098,ircalder-live,2026-01-09 22:46:07+13:00,"Burst 28: Integrated AIML domain (73 terms). Added bilingual localization files, domain lookup index, and ingestion scripts. Completed Gates 1–4 validation (Burst 28).",i18n/en/aiml/grid-search.yaml,10,0
950982c0856441d2f5f04ce59b4d61457ddad098,ircalder-live,2026-01-09 22:46:07+13:00,"Burst 28: Integrated AIML domain (73 terms). Added bilingual localization files, domain lookup index, and ingestion scripts. Completed Gates 1–4 validation (Burst 28).",i18n/en/aiml/hyperparameter-tuning.yaml,10,0
950982c0856441d2f5f04ce59b4d61457ddad098,ircalder-live,2026-01-09 22:46:07+13:00,"Burst 28: Integrated AIML domain (73 terms). Added bilingual localization files, domain lookup index, and ingestion scripts. Completed Gates 1–4 validation (Burst 28).",i18n/en/aiml/isolation-methods.yaml,10,0
950982c0856441d2f5f04ce59b4d61457ddad098,ircalder-live,2026-01-09 22:46:07+13:00,"Burst 28: Integrated AIML domain (73 terms). Added bilingual localization files, domain lookup index, and ingestion scripts. Completed Gates 1–4 validation (Burst 28).",i18n/en/aiml/k-nearest-neighbors-k-nn.yaml,12,0
950982c0856441d2f5f04ce59b4d61457ddad098,ircalder-live,2026-01-09 22:46:07+13:00,"Burst 28: Integrated AIML domain (73 terms). Added bilingual localization files, domain lookup index, and ingestion scripts. Completed Gates 1–4 validation (Burst 28).",i18n/en/aiml/las-vegas-algorithm.yaml,10,0
950982c0856441d2f5f04ce59b4d61457ddad098,ircalder-live,2026-01-09 22:46:07+13:00,"Burst 28: Integrated AIML domain (73 terms). Added bilingual localization files, domain lookup index, and ingestion scripts. Completed Gates 1–4 validation (Burst 28).",i18n/en/aiml/lexicase-selection.yaml,12,0
950982c0856441d2f5f04ce59b4d61457ddad098,ircalder-live,2026-01-09 22:46:07+13:00,"Burst 28: Integrated AIML domain (73 terms). Added bilingual localization files, domain lookup index, and ingestion scripts. Completed Gates 1–4 validation (Burst 28).",i18n/en/aiml/model-deployment.yaml,10,0
950982c0856441d2f5f04ce59b4d61457ddad098,ircalder-live,2026-01-09 22:46:07+13:00,"Burst 28: Integrated AIML domain (73 terms). Added bilingual localization files, domain lookup index, and ingestion scripts. Completed Gates 1–4 validation (Burst 28).",i18n/en/aiml/model-serving.yaml,10,0
950982c0856441d2f5f04ce59b4d61457ddad098,ircalder-live,2026-01-09 22:46:07+13:00,"Burst 28: Integrated AIML domain (73 terms). Added bilingual localization files, domain lookup index, and ingestion scripts. Completed Gates 1–4 validation (Burst 28).",i18n/en/aiml/monitoring.yaml,10,0
950982c0856441d2f5f04ce59b4d61457ddad098,ircalder-live,2026-01-09 22:46:07+13:00,"Burst 28: Integrated AIML domain (73 terms). Added bilingual localization files, domain lookup index, and ingestion scripts. Completed Gates 1–4 validation (Burst 28).",i18n/en/aiml/monte-carlo-algorithm.yaml,10,0
950982c0856441d2f5f04ce59b4d61457ddad098,ircalder-live,2026-01-09 22:46:07+13:00,"Burst 28: Integrated AIML domain (73 terms). Added bilingual localization files, domain lookup index, and ingestion scripts. Completed Gates 1–4 validation (Burst 28).",i18n/en/aiml/monte-carlo-tree-search-mcts.yaml,13,0
950982c0856441d2f5f04ce59b4d61457ddad098,ircalder-live,2026-01-09 22:46:07+13:00,"Burst 28: Integrated AIML domain (73 terms). Added bilingual localization files, domain lookup index, and ingestion scripts. Completed Gates 1–4 validation (Burst 28).",i18n/en/aiml/mutation.yaml,12,0
950982c0856441d2f5f04ce59b4d61457ddad098,ircalder-live,2026-01-09 22:46:07+13:00,"Burst 28: Integrated AIML domain (73 terms). Added bilingual localization files, domain lookup index, and ingestion scripts. Completed Gates 1–4 validation (Burst 28).",i18n/en/aiml/naive-bayes.yaml,8,0
950982c0856441d2f5f04ce59b4d61457ddad098,ircalder-live,2026-01-09 22:46:07+13:00,"Burst 28: Integrated AIML domain (73 terms). Added bilingual localization files, domain lookup index, and ingestion scripts. Completed Gates 1–4 validation (Burst 28).",i18n/en/aiml/overfitting.yaml,12,0
950982c0856441d2f5f04ce59b4d61457ddad098,ircalder-live,2026-01-09 22:46:07+13:00,"Burst 28: Integrated AIML domain (73 terms). Added bilingual localization files, domain lookup index, and ingestion scripts. Completed Gates 1–4 validation (Burst 28).",i18n/en/aiml/parsimony-pressure.yaml,12,0
950982c0856441d2f5f04ce59b4d61457ddad098,ircalder-live,2026-01-09 22:46:07+13:00,"Burst 28: Integrated AIML domain (73 terms). Added bilingual localization files, domain lookup index, and ingestion scripts. Completed Gates 1–4 validation (Burst 28).",i18n/en/aiml/precision.yaml,10,0
950982c0856441d2f5f04ce59b4d61457ddad098,ircalder-live,2026-01-09 22:46:07+13:00,"Burst 28: Integrated AIML domain (73 terms). Added bilingual localization files, domain lookup index, and ingestion scripts. Completed Gates 1–4 validation (Burst 28).",i18n/en/aiml/pseudocode.yaml,11,0
950982c0856441d2f5f04ce59b4d61457ddad098,ircalder-live,2026-01-09 22:46:07+13:00,"Burst 28: Integrated AIML domain (73 terms). Added bilingual localization files, domain lookup index, and ingestion scripts. Completed Gates 1–4 validation (Burst 28).",i18n/en/aiml/random-forest.yaml,8,0
950982c0856441d2f5f04ce59b4d61457ddad098,ircalder-live,2026-01-09 22:46:07+13:00,"Burst 28: Integrated AIML domain (73 terms). Added bilingual localization files, domain lookup index, and ingestion scripts. Completed Gates 1–4 validation (Burst 28).",i18n/en/aiml/random-search.yaml,10,0
950982c0856441d2f5f04ce59b4d61457ddad098,ircalder-live,2026-01-09 22:46:07+13:00,"Burst 28: Integrated AIML domain (73 terms). Added bilingual localization files, domain lookup index, and ingestion scripts. Completed Gates 1–4 validation (Burst 28).",i18n/en/aiml/randomized-algorithms.yaml,10,0
950982c0856441d2f5f04ce59b4d61457ddad098,ircalder-live,2026-01-09 22:46:07+13:00,"Burst 28: Integrated AIML domain (73 terms). Added bilingual localization files, domain lookup index, and ingestion scripts. Completed Gates 1–4 validation (Burst 28).",i18n/en/aiml/recall.yaml,10,0
950982c0856441d2f5f04ce59b4d61457ddad098,ircalder-live,2026-01-09 22:46:07+13:00,"Burst 28: Integrated AIML domain (73 terms). Added bilingual localization files, domain lookup index, and ingestion scripts. Completed Gates 1–4 validation (Burst 28).",i18n/en/aiml/recurrent-neural-network.yaml,10,0
950982c0856441d2f5f04ce59b4d61457ddad098,ircalder-live,2026-01-09 22:46:07+13:00,"Burst 28: Integrated AIML domain (73 terms). Added bilingual localization files, domain lookup index, and ingestion scripts. Completed Gates 1–4 validation (Burst 28).",i18n/en/aiml/regression.yaml,10,0
950982c0856441d2f5f04ce59b4d61457ddad098,ircalder-live,2026-01-09 22:46:07+13:00,"Burst 28: Integrated AIML domain (73 terms). Added bilingual localization files, domain lookup index, and ingestion scripts. Completed Gates 1–4 validation (Burst 28).",i18n/en/aiml/regularization-methods.yaml,10,0
950982c0856441d2f5f04ce59b4d61457ddad098,ircalder-live,2026-01-09 22:46:07+13:00,"Burst 28: Integrated AIML domain (73 terms). Added bilingual localization files, domain lookup index, and ingestion scripts. Completed Gates 1–4 validation (Burst 28).",i18n/en/aiml/replay-methods.yaml,10,0
950982c0856441d2f5f04ce59b4d61457ddad098,ircalder-live,2026-01-09 22:46:07+13:00,"Burst 28: Integrated AIML domain (73 terms). Added bilingual localization files, domain lookup index, and ingestion scripts. Completed Gates 1–4 validation (Burst 28).",i18n/en/aiml/rollback.yaml,10,0
950982c0856441d2f5f04ce59b4d61457ddad098,ircalder-live,2026-01-09 22:46:07+13:00,"Burst 28: Integrated AIML domain (73 terms). Added bilingual localization files, domain lookup index, and ingestion scripts. Completed Gates 1–4 validation (Burst 28).",i18n/en/aiml/simulated-annealing.yaml,11,0
950982c0856441d2f5f04ce59b4d61457ddad098,ircalder-live,2026-01-09 22:46:07+13:00,"Burst 28: Integrated AIML domain (73 terms). Added bilingual localization files, domain lookup index, and ingestion scripts. Completed Gates 1–4 validation (Burst 28).",i18n/en/aiml/skipgram.yaml,11,0
950982c0856441d2f5f04ce59b4d61457ddad098,ircalder-live,2026-01-09 22:46:07+13:00,"Burst 28: Integrated AIML domain (73 terms). Added bilingual localization files, domain lookup index, and ingestion scripts. Completed Gates 1–4 validation (Burst 28).",i18n/en/aiml/supervised-learning.yaml,10,0
950982c0856441d2f5f04ce59b4d61457ddad098,ircalder-live,2026-01-09 22:46:07+13:00,"Burst 28: Integrated AIML domain (73 terms). Added bilingual localization files, domain lookup index, and ingestion scripts. Completed Gates 1–4 validation (Burst 28).",i18n/en/aiml/symbolic-ai.yaml,10,0
950982c0856441d2f5f04ce59b4d61457ddad098,ircalder-live,2026-01-09 22:46:07+13:00,"Burst 28: Integrated AIML domain (73 terms). Added bilingual localization files, domain lookup index, and ingestion scripts. Completed Gates 1–4 validation (Burst 28).",i18n/en/aiml/symbolic-regression.yaml,10,0
950982c0856441d2f5f04ce59b4d61457ddad098,ircalder-live,2026-01-09 22:46:07+13:00,"Burst 28: Integrated AIML domain (73 terms). Added bilingual localization files, domain lookup index, and ingestion scripts. Completed Gates 1–4 validation (Burst 28).",i18n/en/aiml/temporal-dependency.yaml,10,0
950982c0856441d2f5f04ce59b4d61457ddad098,ircalder-live,2026-01-09 22:46:07+13:00,"Burst 28: Integrated AIML domain (73 terms). Added bilingual localization files, domain lookup index, and ingestion scripts. Completed Gates 1–4 validation (Burst 28).",i18n/en/aiml/text-representation.yaml,11,0
950982c0856441d2f5f04ce59b4d61457ddad098,ircalder-live,2026-01-09 22:46:07+13:00,"Burst 28: Integrated AIML domain (73 terms). Added bilingual localization files, domain lookup index, and ingestion scripts. Completed Gates 1–4 validation (Burst 28).",i18n/en/aiml/tournament-selection.yaml,12,0
950982c0856441d2f5f04ce59b4d61457ddad098,ircalder-live,2026-01-09 22:46:07+13:00,"Burst 28: Integrated AIML domain (73 terms). Added bilingual localization files, domain lookup index, and ingestion scripts. Completed Gates 1–4 validation (Burst 28).",i18n/en/aiml/underfitting.yaml,12,0
950982c0856441d2f5f04ce59b4d61457ddad098,ircalder-live,2026-01-09 22:46:07+13:00,"Burst 28: Integrated AIML domain (73 terms). Added bilingual localization files, domain lookup index, and ingestion scripts. Completed Gates 1–4 validation (Burst 28).",i18n/en/aiml/unsupervised-learning.yaml,10,0
950982c0856441d2f5f04ce59b4d61457ddad098,ircalder-live,2026-01-09 22:46:07+13:00,"Burst 28: Integrated AIML domain (73 terms). Added bilingual localization files, domain lookup index, and ingestion scripts. Completed Gates 1–4 validation (Burst 28).",i18n/en/aiml/word-representation.yaml,11,0
950982c0856441d2f5f04ce59b4d61457ddad098,ircalder-live,2026-01-09 22:46:07+13:00,"Burst 28: Integrated AIML domain (73 terms). Added bilingual localization files, domain lookup index, and ingestion scripts. Completed Gates 1–4 validation (Burst 28).",i18n/en/aiml/word2vec.yaml,11,0
950982c0856441d2f5f04ce59b4d61457ddad098,ircalder-live,2026-01-09 22:46:07+13:00,"Burst 28: Integrated AIML domain (73 terms). Added bilingual localization files, domain lookup index, and ingestion scripts. Completed Gates 1–4 validation (Burst 28).",i18n/zh/aiml/ab-testing.yaml,10,0
950982c0856441d2f5f04ce59b4d61457ddad098,ircalder-live,2026-01-09 22:46:07+13:00,"Burst 28: Integrated AIML domain (73 terms). Added bilingual localization files, domain lookup index, and ingestion scripts. Completed Gates 1–4 validation (Burst 28).",i18n/zh/aiml/activation-function.yaml,10,0
950982c0856441d2f5f04ce59b4d61457ddad098,ircalder-live,2026-01-09 22:46:07+13:00,"Burst 28: Integrated AIML domain (73 terms). Added bilingual localization files, domain lookup index, and ingestion scripts. Completed Gates 1–4 validation (Burst 28).",i18n/zh/aiml/adaptive-machine-learning-adaptive-ml.yaml,13,0
950982c0856441d2f5f04ce59b4d61457ddad098,ircalder-live,2026-01-09 22:46:07+13:00,"Burst 28: Integrated AIML domain (73 terms). Added bilingual localization files, domain lookup index, and ingestion scripts. Completed Gates 1–4 validation (Burst 28).",i18n/zh/aiml/adaptive-random-forest-arf.yaml,12,0
950982c0856441d2f5f04ce59b4d61457ddad098,ircalder-live,2026-01-09 22:46:07+13:00,"Burst 28: Integrated AIML domain (73 terms). Added bilingual localization files, domain lookup index, and ingestion scripts. Completed Gates 1–4 validation (Burst 28).",i18n/zh/aiml/artificial-neural-network.yaml,10,0
950982c0856441d2f5f04ce59b4d61457ddad098,ircalder-live,2026-01-09 22:46:07+13:00,"Burst 28: Integrated AIML domain (73 terms). Added bilingual localization files, domain lookup index, and ingestion scripts. Completed Gates 1–4 validation (Burst 28).",i18n/zh/aiml/backpropagation.yaml,10,0
950982c0856441d2f5f04ce59b4d61457ddad098,ircalder-live,2026-01-09 22:46:07+13:00,"Burst 28: Integrated AIML domain (73 terms). Added bilingual localization files, domain lookup index, and ingestion scripts. Completed Gates 1–4 validation (Burst 28).",i18n/zh/aiml/bayesian-optimization.yaml,10,0
950982c0856441d2f5f04ce59b4d61457ddad098,ircalder-live,2026-01-09 22:46:07+13:00,"Burst 28: Integrated AIML domain (73 terms). Added bilingual localization files, domain lookup index, and ingestion scripts. Completed Gates 1–4 validation (Burst 28).",i18n/zh/aiml/bias-variance-trade-off.yaml,12,0
950982c0856441d2f5f04ce59b4d61457ddad098,ircalder-live,2026-01-09 22:46:07+13:00,"Burst 28: Integrated AIML domain (73 terms). Added bilingual localization files, domain lookup index, and ingestion scripts. Completed Gates 1–4 validation (Burst 28).",i18n/zh/aiml/bloat.yaml,12,0
950982c0856441d2f5f04ce59b4d61457ddad098,ircalder-live,2026-01-09 22:46:07+13:00,"Burst 28: Integrated AIML domain (73 terms). Added bilingual localization files, domain lookup index, and ingestion scripts. Completed Gates 1–4 validation (Burst 28).",i18n/zh/aiml/bootstrap-aggregating-bagging.yaml,12,0
950982c0856441d2f5f04ce59b4d61457ddad098,ircalder-live,2026-01-09 22:46:07+13:00,"Burst 28: Integrated AIML domain (73 terms). Added bilingual localization files, domain lookup index, and ingestion scripts. Completed Gates 1–4 validation (Burst 28).",i18n/zh/aiml/classification.yaml,10,0
950982c0856441d2f5f04ce59b4d61457ddad098,ircalder-live,2026-01-09 22:46:07+13:00,"Burst 28: Integrated AIML domain (73 terms). Added bilingual localization files, domain lookup index, and ingestion scripts. Completed Gates 1–4 validation (Burst 28).",i18n/zh/aiml/clustering.yaml,10,0
950982c0856441d2f5f04ce59b4d61457ddad098,ircalder-live,2026-01-09 22:46:07+13:00,"Burst 28: Integrated AIML domain (73 terms). Added bilingual localization files, domain lookup index, and ingestion scripts. Completed Gates 1–4 validation (Burst 28).",i18n/zh/aiml/computational-complexity.yaml,10,0
950982c0856441d2f5f04ce59b4d61457ddad098,ircalder-live,2026-01-09 22:46:07+13:00,"Burst 28: Integrated AIML domain (73 terms). Added bilingual localization files, domain lookup index, and ingestion scripts. Completed Gates 1–4 validation (Burst 28).",i18n/zh/aiml/concept-drift.yaml,10,0
950982c0856441d2f5f04ce59b4d61457ddad098,ircalder-live,2026-01-09 22:46:07+13:00,"Burst 28: Integrated AIML domain (73 terms). Added bilingual localization files, domain lookup index, and ingestion scripts. Completed Gates 1–4 validation (Burst 28).",i18n/zh/aiml/confusion-matrix.yaml,10,0
950982c0856441d2f5f04ce59b4d61457ddad098,ircalder-live,2026-01-09 22:46:07+13:00,"Burst 28: Integrated AIML domain (73 terms). Added bilingual localization files, domain lookup index, and ingestion scripts. Completed Gates 1–4 validation (Burst 28).",i18n/zh/aiml/continual-learning.yaml,12,0
950982c0856441d2f5f04ce59b4d61457ddad098,ircalder-live,2026-01-09 22:46:07+13:00,"Burst 28: Integrated AIML domain (73 terms). Added bilingual localization files, domain lookup index, and ingestion scripts. Completed Gates 1–4 validation (Burst 28).",i18n/zh/aiml/convolutional-neural-network.yaml,10,0
950982c0856441d2f5f04ce59b4d61457ddad098,ircalder-live,2026-01-09 22:46:07+13:00,"Burst 28: Integrated AIML domain (73 terms). Added bilingual localization files, domain lookup index, and ingestion scripts. Completed Gates 1–4 validation (Burst 28).",i18n/zh/aiml/cross-validation.yaml,10,0
950982c0856441d2f5f04ce59b4d61457ddad098,ircalder-live,2026-01-09 22:46:07+13:00,"Burst 28: Integrated AIML domain (73 terms). Added bilingual localization files, domain lookup index, and ingestion scripts. Completed Gates 1–4 validation (Burst 28).",i18n/zh/aiml/crossover.yaml,12,0
950982c0856441d2f5f04ce59b4d61457ddad098,ircalder-live,2026-01-09 22:46:07+13:00,"Burst 28: Integrated AIML domain (73 terms). Added bilingual localization files, domain lookup index, and ingestion scripts. Completed Gates 1–4 validation (Burst 28).",i18n/zh/aiml/data-cleaning.yaml,10,0
950982c0856441d2f5f04ce59b4d61457ddad098,ircalder-live,2026-01-09 22:46:07+13:00,"Burst 28: Integrated AIML domain (73 terms). Added bilingual localization files, domain lookup index, and ingestion scripts. Completed Gates 1–4 validation (Burst 28).",i18n/zh/aiml/decision-tree.yaml,12,0
950982c0856441d2f5f04ce59b4d61457ddad098,ircalder-live,2026-01-09 22:46:07+13:00,"Burst 28: Integrated AIML domain (73 terms). Added bilingual localization files, domain lookup index, and ingestion scripts. Completed Gates 1–4 validation (Burst 28).",i18n/zh/aiml/dimensionality-reduction.yaml,10,0
950982c0856441d2f5f04ce59b4d61457ddad098,ircalder-live,2026-01-09 22:46:07+13:00,"Burst 28: Integrated AIML domain (73 terms). Added bilingual localization files, domain lookup index, and ingestion scripts. Completed Gates 1–4 validation (Burst 28).",i18n/zh/aiml/distribution-hypothesis.yaml,11,0
950982c0856441d2f5f04ce59b4d61457ddad098,ircalder-live,2026-01-09 22:46:07+13:00,"Burst 28: Integrated AIML domain (73 terms). Added bilingual localization files, domain lookup index, and ingestion scripts. Completed Gates 1–4 validation (Burst 28).",i18n/zh/aiml/early-stopping.yaml,10,0
950982c0856441d2f5f04ce59b4d61457ddad098,ircalder-live,2026-01-09 22:46:07+13:00,"Burst 28: Integrated AIML domain (73 terms). Added bilingual localization files, domain lookup index, and ingestion scripts. Completed Gates 1–4 validation (Burst 28).",i18n/zh/aiml/encoding-categorical-variables.yaml,10,0
950982c0856441d2f5f04ce59b4d61457ddad098,ircalder-live,2026-01-09 22:46:07+13:00,"Burst 28: Integrated AIML domain (73 terms). Added bilingual localization files, domain lookup index, and ingestion scripts. Completed Gates 1–4 validation (Burst 28).",i18n/zh/aiml/ensemble-learning.yaml,12,0
950982c0856441d2f5f04ce59b4d61457ddad098,ircalder-live,2026-01-09 22:46:07+13:00,"Burst 28: Integrated AIML domain (73 terms). Added bilingual localization files, domain lookup index, and ingestion scripts. Completed Gates 1–4 validation (Burst 28).",i18n/zh/aiml/ensembles.yaml,12,0
950982c0856441d2f5f04ce59b4d61457ddad098,ircalder-live,2026-01-09 22:46:07+13:00,"Burst 28: Integrated AIML domain (73 terms). Added bilingual localization files, domain lookup index, and ingestion scripts. Completed Gates 1–4 validation (Burst 28).",i18n/zh/aiml/explainable-ai-xai.yaml,13,0
950982c0856441d2f5f04ce59b4d61457ddad098,ircalder-live,2026-01-09 22:46:07+13:00,"Burst 28: Integrated AIML domain (73 terms). Added bilingual localization files, domain lookup index, and ingestion scripts. Completed Gates 1–4 validation (Burst 28).",i18n/zh/aiml/expression-tree.yaml,12,0
950982c0856441d2f5f04ce59b4d61457ddad098,ircalder-live,2026-01-09 22:46:07+13:00,"Burst 28: Integrated AIML domain (73 terms). Added bilingual localization files, domain lookup index, and ingestion scripts. Completed Gates 1–4 validation (Burst 28).",i18n/zh/aiml/f1-score.yaml,10,0
950982c0856441d2f5f04ce59b4d61457ddad098,ircalder-live,2026-01-09 22:46:07+13:00,"Burst 28: Integrated AIML domain (73 terms). Added bilingual localization files, domain lookup index, and ingestion scripts. Completed Gates 1–4 validation (Burst 28).",i18n/zh/aiml/feature-extraction.yaml,10,0
950982c0856441d2f5f04ce59b4d61457ddad098,ircalder-live,2026-01-09 22:46:07+13:00,"Burst 28: Integrated AIML domain (73 terms). Added bilingual localization files, domain lookup index, and ingestion scripts. Completed Gates 1–4 validation (Burst 28).",i18n/zh/aiml/feature-scaling.yaml,10,0
950982c0856441d2f5f04ce59b4d61457ddad098,ircalder-live,2026-01-09 22:46:07+13:00,"Burst 28: Integrated AIML domain (73 terms). Added bilingual localization files, domain lookup index, and ingestion scripts. Completed Gates 1–4 validation (Burst 28).",i18n/zh/aiml/fitness-function.yaml,12,0
950982c0856441d2f5f04ce59b4d61457ddad098,ircalder-live,2026-01-09 22:46:07+13:00,"Burst 28: Integrated AIML domain (73 terms). Added bilingual localization files, domain lookup index, and ingestion scripts. Completed Gates 1–4 validation (Burst 28).",i18n/zh/aiml/generalization.yaml,12,0
950982c0856441d2f5f04ce59b4d61457ddad098,ircalder-live,2026-01-09 22:46:07+13:00,"Burst 28: Integrated AIML domain (73 terms). Added bilingual localization files, domain lookup index, and ingestion scripts. Completed Gates 1–4 validation (Burst 28).",i18n/zh/aiml/genetic-programming.yaml,10,0
950982c0856441d2f5f04ce59b4d61457ddad098,ircalder-live,2026-01-09 22:46:07+13:00,"Burst 28: Integrated AIML domain (73 terms). Added bilingual localization files, domain lookup index, and ingestion scripts. Completed Gates 1–4 validation (Burst 28).",i18n/zh/aiml/grid-search.yaml,10,0
950982c0856441d2f5f04ce59b4d61457ddad098,ircalder-live,2026-01-09 22:46:07+13:00,"Burst 28: Integrated AIML domain (73 terms). Added bilingual localization files, domain lookup index, and ingestion scripts. Completed Gates 1–4 validation (Burst 28).",i18n/zh/aiml/hyperparameter-tuning.yaml,10,0
950982c0856441d2f5f04ce59b4d61457ddad098,ircalder-live,2026-01-09 22:46:07+13:00,"Burst 28: Integrated AIML domain (73 terms). Added bilingual localization files, domain lookup index, and ingestion scripts. Completed Gates 1–4 validation (Burst 28).",i18n/zh/aiml/isolation-methods.yaml,10,0
950982c0856441d2f5f04ce59b4d61457ddad098,ircalder-live,2026-01-09 22:46:07+13:00,"Burst 28: Integrated AIML domain (73 terms). Added bilingual localization files, domain lookup index, and ingestion scripts. Completed Gates 1–4 validation (Burst 28).",i18n/zh/aiml/k-nearest-neighbors-k-nn.yaml,12,0
950982c0856441d2f5f04ce59b4d61457ddad098,ircalder-live,2026-01-09 22:46:07+13:00,"Burst 28: Integrated AIML domain (73 terms). Added bilingual localization files, domain lookup index, and ingestion scripts. Completed Gates 1–4 validation (Burst 28).",i18n/zh/aiml/las-vegas-algorithm.yaml,10,0
950982c0856441d2f5f04ce59b4d61457ddad098,ircalder-live,2026-01-09 22:46:07+13:00,"Burst 28: Integrated AIML domain (73 terms). Added bilingual localization files, domain lookup index, and ingestion scripts. Completed Gates 1–4 validation (Burst 28).",i18n/zh/aiml/lexicase-selection.yaml,12,0
950982c0856441d2f5f04ce59b4d61457ddad098,ircalder-live,2026-01-09 22:46:07+13:00,"Burst 28: Integrated AIML domain (73 terms). Added bilingual localization files, domain lookup index, and ingestion scripts. Completed Gates 1–4 validation (Burst 28).",i18n/zh/aiml/model-deployment.yaml,10,0
950982c0856441d2f5f04ce59b4d61457ddad098,ircalder-live,2026-01-09 22:46:07+13:00,"Burst 28: Integrated AIML domain (73 terms). Added bilingual localization files, domain lookup index, and ingestion scripts. Completed Gates 1–4 validation (Burst 28).",i18n/zh/aiml/model-serving.yaml,10,0
950982c0856441d2f5f04ce59b4d61457ddad098,ircalder-live,2026-01-09 22:46:07+13:00,"Burst 28: Integrated AIML domain (73 terms). Added bilingual localization files, domain lookup index, and ingestion scripts. Completed Gates 1–4 validation (Burst 28).",i18n/zh/aiml/monitoring.yaml,10,0
950982c0856441d2f5f04ce59b4d61457ddad098,ircalder-live,2026-01-09 22:46:07+13:00,"Burst 28: Integrated AIML domain (73 terms). Added bilingual localization files, domain lookup index, and ingestion scripts. Completed Gates 1–4 validation (Burst 28).",i18n/zh/aiml/monte-carlo-algorithm.yaml,10,0
950982c0856441d2f5f04ce59b4d61457ddad098,ircalder-live,2026-01-09 22:46:07+13:00,"Burst 28: Integrated AIML domain (73 terms). Added bilingual localization files, domain lookup index, and ingestion scripts. Completed Gates 1–4 validation (Burst 28).",i18n/zh/aiml/monte-carlo-tree-search-mcts.yaml,13,0
950982c0856441d2f5f04ce59b4d61457ddad098,ircalder-live,2026-01-09 22:46:07+13:00,"Burst 28: Integrated AIML domain (73 terms). Added bilingual localization files, domain lookup index, and ingestion scripts. Completed Gates 1–4 validation (Burst 28).",i18n/zh/aiml/mutation.yaml,12,0
950982c0856441d2f5f04ce59b4d61457ddad098,ircalder-live,2026-01-09 22:46:07+13:00,"Burst 28: Integrated AIML domain (73 terms). Added bilingual localization files, domain lookup index, and ingestion scripts. Completed Gates 1–4 validation (Burst 28).",i18n/zh/aiml/naive-bayes.yaml,8,0
950982c0856441d2f5f04ce59b4d61457ddad098,ircalder-live,2026-01-09 22:46:07+13:00,"Burst 28: Integrated AIML domain (73 terms). Added bilingual localization files, domain lookup index, and ingestion scripts. Completed Gates 1–4 validation (Burst 28).",i18n/zh/aiml/overfitting.yaml,12,0
950982c0856441d2f5f04ce59b4d61457ddad098,ircalder-live,2026-01-09 22:46:07+13:00,"Burst 28: Integrated AIML domain (73 terms). Added bilingual localization files, domain lookup index, and ingestion scripts. Completed Gates 1–4 validation (Burst 28).",i18n/zh/aiml/parsimony-pressure.yaml,12,0
950982c0856441d2f5f04ce59b4d61457ddad098,ircalder-live,2026-01-09 22:46:07+13:00,"Burst 28: Integrated AIML domain (73 terms). Added bilingual localization files, domain lookup index, and ingestion scripts. Completed Gates 1–4 validation (Burst 28).",i18n/zh/aiml/precision.yaml,10,0
950982c0856441d2f5f04ce59b4d61457ddad098,ircalder-live,2026-01-09 22:46:07+13:00,"Burst 28: Integrated AIML domain (73 terms). Added bilingual localization files, domain lookup index, and ingestion scripts. Completed Gates 1–4 validation (Burst 28).",i18n/zh/aiml/pseudocode.yaml,11,0
950982c0856441d2f5f04ce59b4d61457ddad098,ircalder-live,2026-01-09 22:46:07+13:00,"Burst 28: Integrated AIML domain (73 terms). Added bilingual localization files, domain lookup index, and ingestion scripts. Completed Gates 1–4 validation (Burst 28).",i18n/zh/aiml/random-forest.yaml,8,0
950982c0856441d2f5f04ce59b4d61457ddad098,ircalder-live,2026-01-09 22:46:07+13:00,"Burst 28: Integrated AIML domain (73 terms). Added bilingual localization files, domain lookup index, and ingestion scripts. Completed Gates 1–4 validation (Burst 28).",i18n/zh/aiml/random-search.yaml,10,0
950982c0856441d2f5f04ce59b4d61457ddad098,ircalder-live,2026-01-09 22:46:07+13:00,"Burst 28: Integrated AIML domain (73 terms). Added bilingual localization files, domain lookup index, and ingestion scripts. Completed Gates 1–4 validation (Burst 28).",i18n/zh/aiml/randomized-algorithms.yaml,10,0
950982c0856441d2f5f04ce59b4d61457ddad098,ircalder-live,2026-01-09 22:46:07+13:00,"Burst 28: Integrated AIML domain (73 terms). Added bilingual localization files, domain lookup index, and ingestion scripts. Completed Gates 1–4 validation (Burst 28).",i18n/zh/aiml/recall.yaml,10,0
950982c0856441d2f5f04ce59b4d61457ddad098,ircalder-live,2026-01-09 22:46:07+13:00,"Burst 28: Integrated AIML domain (73 terms). Added bilingual localization files, domain lookup index, and ingestion scripts. Completed Gates 1–4 validation (Burst 28).",i18n/zh/aiml/recurrent-neural-network.yaml,10,0
950982c0856441d2f5f04ce59b4d61457ddad098,ircalder-live,2026-01-09 22:46:07+13:00,"Burst 28: Integrated AIML domain (73 terms). Added bilingual localization files, domain lookup index, and ingestion scripts. Completed Gates 1–4 validation (Burst 28).",i18n/zh/aiml/regression.yaml,10,0
950982c0856441d2f5f04ce59b4d61457ddad098,ircalder-live,2026-01-09 22:46:07+13:00,"Burst 28: Integrated AIML domain (73 terms). Added bilingual localization files, domain lookup index, and ingestion scripts. Completed Gates 1–4 validation (Burst 28).",i18n/zh/aiml/regularization-methods.yaml,10,0
950982c0856441d2f5f04ce59b4d61457ddad098,ircalder-live,2026-01-09 22:46:07+13:00,"Burst 28: Integrated AIML domain (73 terms). Added bilingual localization files, domain lookup index, and ingestion scripts. Completed Gates 1–4 validation (Burst 28).",i18n/zh/aiml/replay-methods.yaml,10,0
950982c0856441d2f5f04ce59b4d61457ddad098,ircalder-live,2026-01-09 22:46:07+13:00,"Burst 28: Integrated AIML domain (73 terms). Added bilingual localization files, domain lookup index, and ingestion scripts. Completed Gates 1–4 validation (Burst 28).",i18n/zh/aiml/rollback.yaml,10,0
950982c0856441d2f5f04ce59b4d61457ddad098,ircalder-live,2026-01-09 22:46:07+13:00,"Burst 28: Integrated AIML domain (73 terms). Added bilingual localization files, domain lookup index, and ingestion scripts. Completed Gates 1–4 validation (Burst 28).",i18n/zh/aiml/simulated-annealing.yaml,11,0
950982c0856441d2f5f04ce59b4d61457ddad098,ircalder-live,2026-01-09 22:46:07+13:00,"Burst 28: Integrated AIML domain (73 terms). Added bilingual localization files, domain lookup index, and ingestion scripts. Completed Gates 1–4 validation (Burst 28).",i18n/zh/aiml/skipgram.yaml,11,0
950982c0856441d2f5f04ce59b4d61457ddad098,ircalder-live,2026-01-09 22:46:07+13:00,"Burst 28: Integrated AIML domain (73 terms). Added bilingual localization files, domain lookup index, and ingestion scripts. Completed Gates 1–4 validation (Burst 28).",i18n/zh/aiml/supervised-learning.yaml,10,0
950982c0856441d2f5f04ce59b4d61457ddad098,ircalder-live,2026-01-09 22:46:07+13:00,"Burst 28: Integrated AIML domain (73 terms). Added bilingual localization files, domain lookup index, and ingestion scripts. Completed Gates 1–4 validation (Burst 28).",i18n/zh/aiml/symbolic-ai.yaml,10,0
950982c0856441d2f5f04ce59b4d61457ddad098,ircalder-live,2026-01-09 22:46:07+13:00,"Burst 28: Integrated AIML domain (73 terms). Added bilingual localization files, domain lookup index, and ingestion scripts. Completed Gates 1–4 validation (Burst 28).",i18n/zh/aiml/symbolic-regression.yaml,10,0
950982c0856441d2f5f04ce59b4d61457ddad098,ircalder-live,2026-01-09 22:46:07+13:00,"Burst 28: Integrated AIML domain (73 terms). Added bilingual localization files, domain lookup index, and ingestion scripts. Completed Gates 1–4 validation (Burst 28).",i18n/zh/aiml/temporal-dependency.yaml,10,0
950982c0856441d2f5f04ce59b4d61457ddad098,ircalder-live,2026-01-09 22:46:07+13:00,"Burst 28: Integrated AIML domain (73 terms). Added bilingual localization files, domain lookup index, and ingestion scripts. Completed Gates 1–4 validation (Burst 28).",i18n/zh/aiml/text-representation.yaml,11,0
950982c0856441d2f5f04ce59b4d61457ddad098,ircalder-live,2026-01-09 22:46:07+13:00,"Burst 28: Integrated AIML domain (73 terms). Added bilingual localization files, domain lookup index, and ingestion scripts. Completed Gates 1–4 validation (Burst 28).",i18n/zh/aiml/tournament-selection.yaml,12,0
950982c0856441d2f5f04ce59b4d61457ddad098,ircalder-live,2026-01-09 22:46:07+13:00,"Burst 28: Integrated AIML domain (73 terms). Added bilingual localization files, domain lookup index, and ingestion scripts. Completed Gates 1–4 validation (Burst 28).",i18n/zh/aiml/underfitting.yaml,12,0
950982c0856441d2f5f04ce59b4d61457ddad098,ircalder-live,2026-01-09 22:46:07+13:00,"Burst 28: Integrated AIML domain (73 terms). Added bilingual localization files, domain lookup index, and ingestion scripts. Completed Gates 1–4 validation (Burst 28).",i18n/zh/aiml/unsupervised-learning.yaml,10,0
950982c0856441d2f5f04ce59b4d61457ddad098,ircalder-live,2026-01-09 22:46:07+13:00,"Burst 28: Integrated AIML domain (73 terms). Added bilingual localization files, domain lookup index, and ingestion scripts. Completed Gates 1–4 validation (Burst 28).",i18n/zh/aiml/word-representation.yaml,11,0
950982c0856441d2f5f04ce59b4d61457ddad098,ircalder-live,2026-01-09 22:46:07+13:00,"Burst 28: Integrated AIML domain (73 terms). Added bilingual localization files, domain lookup index, and ingestion scripts. Completed Gates 1–4 validation (Burst 28).",i18n/zh/aiml/word2vec.yaml,11,0
950982c0856441d2f5f04ce59b4d61457ddad098,ircalder-live,2026-01-09 22:46:07+13:00,"Burst 28: Integrated AIML domain (73 terms). Added bilingual localization files, domain lookup index, and ingestion scripts. Completed Gates 1–4 validation (Burst 28).",lookup/aiml-index.yaml,853,0
950982c0856441d2f5f04ce59b4d61457ddad098,ircalder-live,2026-01-09 22:46:07+13:00,"Burst 28: Integrated AIML domain (73 terms). Added bilingual localization files, domain lookup index, and ingestion scripts. Completed Gates 1–4 validation (Burst 28).",scripts/generate_localization_files.py,73,0
950982c0856441d2f5f04ce59b4d61457ddad098,ircalder-live,2026-01-09 22:46:07+13:00,"Burst 28: Integrated AIML domain (73 terms). Added bilingual localization files, domain lookup index, and ingestion scripts. Completed Gates 1–4 validation (Burst 28).",scripts/generate_lookup_index.py,41,0
5cb9305280680c3d0bb7fde40947b5229ea3e096,ircalder-live,2026-01-09 19:55:14+13:00,Add data/batch-aiml.yaml to add AIML Glossary terms for batch ingestion (Burst 27),data/batch-aiml.yaml,1375,0
3112a9290686ba98ed211fd6b41e87a6836b4c84,ircalder-live,2026-01-09 15:31:05+13:00,Add data/batch-schema.yaml and data/batch-digital-ethics.yaml to establish batch input of terms (Burst 26),data/batch-digital-ethics.yaml,0,0
3112a9290686ba98ed211fd6b41e87a6836b4c84,ircalder-live,2026-01-09 15:31:05+13:00,Add data/batch-schema.yaml and data/batch-digital-ethics.yaml to establish batch input of terms (Burst 26),data/batch-schema.yaml,18,0
afeb40f156cf47bc0fa3bce8a679e9bbd2f02b4f,ircalder-live,2026-01-08 23:11:12+13:00,"Add Digital Ethics privacy term, teaching page, and domain/course governance (Burst 25)",docs/domain-course-governance.md,100,0
afeb40f156cf47bc0fa3bce8a679e9bbd2f02b4f,ircalder-live,2026-01-08 23:11:12+13:00,"Add Digital Ethics privacy term, teaching page, and domain/course governance (Burst 25)",i18n/en/privacy.yaml,19,0
afeb40f156cf47bc0fa3bce8a679e9bbd2f02b4f,ircalder-live,2026-01-08 23:11:12+13:00,"Add Digital Ethics privacy term, teaching page, and domain/course governance (Burst 25)",i18n/index-en-zh.yaml,4,16
afeb40f156cf47bc0fa3bce8a679e9bbd2f02b4f,ircalder-live,2026-01-08 23:11:12+13:00,"Add Digital Ethics privacy term, teaching page, and domain/course governance (Burst 25)",i18n/zh/privacy.yaml,15,0
afeb40f156cf47bc0fa3bce8a679e9bbd2f02b4f,ircalder-live,2026-01-08 23:11:12+13:00,"Add Digital Ethics privacy term, teaching page, and domain/course governance (Burst 25)",pages/privacy.md,91,0
58fc356bde6d3200f7f370f76e9d1d52bf261165,ircalder-live,2026-01-08 22:11:53+13:00,Add Digital Ethics Foundations and Domains/Courses dual-identity architecture (Burst 24),pages/digital-ethics-foundations.md,109,0
58fc356bde6d3200f7f370f76e9d1d52bf261165,ircalder-live,2026-01-08 22:11:53+13:00,Add Digital Ethics Foundations and Domains/Courses dual-identity architecture (Burst 24),pages/domains-and-courses.md,150,0
2e9bccca55b0b627e576976d4c2614b336cdf6f2,ircalder-live,2026-01-08 21:12:43+13:00,Add bilingual teaching page for SDLC (Burst 23),pages/sdlc.md,25,0
bac9b2aa52a78f9719ba15bb2c120c4b396faab0,ircalder-live,2026-01-08 17:18:13+13:00,Add bilingual teaching page for Systems Design (Burst 22),pages/systems-design.md,25,0
1adf33e223b6a0399cd425e2042e7ce6a26cdc65,ircalder-live,2026-01-08 17:14:43+13:00,Add bilingual teaching page for Systems Analysis (Burst 21),pages/systems-analysis.md,25,0
ef58a67c064187ca51ec2cc2d27c86b9a95c487c,ircalder-live,2026-01-08 17:01:27+13:00,Add conceptual framework for multilingual index regeneration (Burst 20),frameworks/index-regeneration.md,40,0
5273277cf4c062ad08a3a60574af8eb014f1ebba,ircalder-live,2026-01-08 16:47:37+13:00,Add contributor guidance for multilingual workflow (Burst 19),docs/contributing-i18n.md,46,0
5273277cf4c062ad08a3a60574af8eb014f1ebba,ircalder-live,2026-01-08 16:47:37+13:00,Add contributor guidance for multilingual workflow (Burst 19),frameworks/translation-pipeline.md,13,0
5e98a24ca786ae5aca33c6f9f76f119b36b0424e,ircalder-live,2026-01-08 12:32:36+13:00,Add en-zh lookup index for multilingual navigation (Burst 18),i18n/index-en-zh.yaml,30,0
37d0673897bc809c998c2ce568e4d95b50dc393f,ircalder-live,2026-01-08 12:27:34+13:00,Add translation pipeline framework for i18n/l10n (Burst 17),frameworks/translation-pipeline.md,46,0
8c33d3e9bd2adb887e429e715089782c6918d811,ircalder-live,2026-01-08 11:22:34+13:00,Add example bilingual entries (Systems Analysis) to validate i18n schema (Burst 16),i18n/en/example.yaml,15,0
8c33d3e9bd2adb887e429e715089782c6918d811,ircalder-live,2026-01-08 11:22:34+13:00,Add example bilingual entries (Systems Analysis) to validate i18n schema (Burst 16),i18n/zh/example.yaml,15,0
c492930a565907bb30e678d1e1b38e2f35c65f2a,ircalder-live,2026-01-08 11:11:05+13:00,Added the pronunciation: field to the internationalization schema to be used (Burst 15),i18n/schema.yaml,1,0
715d34ccec9f6322648fd5ab6fa6c35277185a7b,ircalder-live,2026-01-08 11:09:25+13:00,Added the anchor: field to the internationalization schema to be used (Burst 15),i18n/schema.yaml,1,0
c6e7fa7f51184f238714681c8b2ca9d146c09c90,ircalder-live,2026-01-08 11:01:07+13:00,Add i18n/schema.yaml for the internationalization schema to be used (Burst 15),i18n/schema.yaml,13,0
f5b95434a4b9b46371b296b2d24beb076c772870,ircalder-live,2026-01-06 13:27:46+13:00,Add governance-doctrine Page (narrative version) to pages/ for teaching and consulting use (Burst 13),pages/governance-doctrine.md,153,0
397c754ba331eb5e367978050a59c3249f76087d,ircalder-live,2026-01-06 13:22:16+13:00,Add governance-doctrine framework (drum-buffer-rope and Takt) with intellectual lineage frameworks/governance-doctrine.md (Burst 12),frameworks/governance-doctrine.md,136,0
0f42563871325e63a9e64b40fdde291cfb88a6ea,ircalder-live,2026-01-06 11:53:41+13:00,Added a purpose statement to pages/README.md (Burst 11),pages/README.md,2,1
7a1c01919de7432fc91991591a6e43842bbc3eed,ircalder-live,2026-01-06 11:46:53+13:00,Added a clarifying heading to file-architecture.md (Burst 10),frameworks/file-architecture.md,2,0
7e9cf9c90650a32d308f4bc35411adcbf92e8b47,ircalder-live,2026-01-06 11:38:02+13:00,Add structural refinement to frameworks/ directory (Burst 9),frameworks/README.md,3,1
7e9cf9c90650a32d308f4bc35411adcbf92e8b47,ircalder-live,2026-01-06 11:38:02+13:00,Add structural refinement to frameworks/ directory (Burst 9),frameworks/navigation-analogy.md,1,0
7e9cf9c90650a32d308f4bc35411adcbf92e8b47,ircalder-live,2026-01-06 11:38:02+13:00,Add structural refinement to frameworks/ directory (Burst 9),frameworks/operational-cadence.md,2,0
12a38dc0f5cd681024c93f27b5d9670e85a9c204,ircalder-live,2026-01-06 11:31:37+13:00,Update link to operational-cadence.md after file move (Burst 8),frameworks/navigation-analogy.md,2,0
73b4a3d7e08c44870d6ce9766d18f9192883cc39,ircalder-live,2026-01-06 11:26:53+13:00,Move operational-cadence.md into frameworks (align with the conceptual layer),{pages => frameworks}/operational-cadence.md,0,0
ca40ba4c54037b33b9346a86216648940a8ecfe4,ircalder-live,2026-01-06 11:17:11+13:00,Edited pages/operational-cadence.md (Burst 7),pages/operational-cadence.md,1,1
bb47ebb86dbd60bcd5c20ef7e8bb16912eb70573,ircalder-live,2026-01-06 11:07:46+13:00,Add pages/operational-cadence.md (Burst 6),pages/operational-cadence.md,11,0
4b7fba92394db5ce370809823f2d6017e6785702,ircalder-live,2026-01-06 11:00:19+13:00,Add templates/burst-log-template.md (Burst 5),templates/burst-log-template.md,11,0
d61f6affafc8627afa182caf478075adde0b8a44,ircalder-live,2026-01-05 15:40:24+13:00,Add formatting to frameworks/navigation-analogy.md (Burst 4),frameworks/navigation-analogy.md,50,105
a50c3d921e946cfea2ec7b74ceb3886ec6fd36fe,ircalder-live,2026-01-05 12:33:50+13:00,Add formatting to frameworks/file-architecture.md (Burst 3),frameworks/file-architecture.md,7,7
3c23c1831fae554fc26ca6a7775cd8beeb7996fe,ircalder-live,2026-01-05 12:22:38+13:00,Add Sprint 01 logbook file (Burst 2),sprints/sprint-01.md,40,0
75fed82a54012fc56fa5b591bdd7ee90de747d01,ircalder-live,2026-01-05 12:06:57+13:00,Minor README update (Sprint 01 Burst 01),README.md,1,1
3bc822c8b59f81ed5ddcd271bab3b46a3ee48f9a,ircalder-live,2026-01-04 20:06:40+13:00,Add root README and .gitignore (Sprint 01),.gitignore,24,0
3bc822c8b59f81ed5ddcd271bab3b46a3ee48f9a,ircalder-live,2026-01-04 20:06:40+13:00,Add root README and .gitignore (Sprint 01),README.md,60,0
1620b731e3ad96045984e4c2764bd3f1c046a5f7,Ian Calder,2026-01-04 16:00:47+13:00,Add file architecture documentation for knowledge ecosystem,frameworks/file-architecture.md,165,0
bfe86533468f4bb67fc6edf95fc27fd8fcb9da06,Ian Calder,2026-01-04 15:56:49+13:00,Add navigation analogy for governance and GitHub Issues,frameworks/navigation-analogy.md,158,0
e0cd2da7e1391c7ef669022804f51642e78681e4,Ian Calder,2026-01-04 13:48:31+13:00,Add Sprint 01 Telemetry documentation,sprints/sprint-01-telemetry.md,23,0
8f8440ab85edffd5951d53024bd7957e5e74798d,Ian Calder,2026-01-04 13:47:28+13:00,Add boundary governance checklist document,frameworks/boundary-governance-checklist.md,18,0
70365176592dd04c38f49314ddc22f44f464517c,Ian Calder,2026-01-04 13:46:20+13:00,Add sprint reflection template,templates/reflection-template.md,17,0
ed96ca2683d436127a4dbd2f805369e8d394533b,Ian Calder,2026-01-04 13:45:34+13:00,Add artifact template markdown file,templates/artifact-template.md,14,0
9d2fb6a8a40530a2def486b5ffca9b015d0336d3,Ian Calder,2026-01-04 13:43:44+13:00,Add sprint template markdown file,templates/sprint-template.md,31,0
ee3c1348978d8f86f0b23ed7f2bb3e08fe9dffe5,Ian Calder,2026-01-04 13:38:08+13:00,Add README template for sprints and artefacts,templates/README.md,1,0
e3bd9996f3c4cda445d1173549b7410bfaa35048,Ian Calder,2026-01-04 13:37:15+13:00,Add README for sprint plans and logs,sprints/README.md,1,0
3e847694b6d5253761ff9405887dd431c77c4dbb,Ian Calder,2026-01-04 13:36:13+13:00,Add initial content to README.md,pages/README.md,1,0
027410921ca15e523e01164eab06f99b2d161da3,Ian Calder,2026-01-04 13:34:17+13:00,Add initial README for frameworks,frameworks/README.md,1,0
